-- Sample data for DONVI (Departments/Units)
INSERT INTO DONVI (MADV, TENDV, LOAIDV) VALUES ('CNTT', 'Khoa Công nghệ thông tin', 'Khoa');
INSERT INTO DONVI (MADV, TENDV, LOAIDV) VALUES ('KTMT', 'Khoa Kỹ thuật máy tính', 'Khoa');
INSERT INTO DONVI (MADV, TENDV, LOAIDV) VALUES ('KHMT', 'Khoa Khoa học máy tính', 'Khoa');
INSERT INTO DONVI (MADV, TENDV, LOAIDV) VALUES ('TOAN', 'Khoa Toán', 'Khoa');
INSERT INTO DONVI (MADV, TENDV, LOAIDV) VALUES ('PDT', 'Phòng Đào tạo', 'Phòng');
INSERT INTO DONVI (MADV, TENDV, LOAIDV) VALUES ('PKT', 'Phòng Kế toán', 'Phòng');
INSERT INTO DONVI (MADV, TENDV, LOAIDV) VALUES ('TCHC', 'Phòng Tổ chức hành chính', 'Phòng');
INSERT INTO DONVI (MADV, TENDV, LOAIDV) VALUES ('CTSV', 'Phòng Công tác sinh viên', 'Phòng');

-- Sample data for NHANVIEN (Employees)
INSERT INTO NHANVIEN (MANLD, HOTEN, PHAI, NGSINH, LUONG, PHUCAP, DT, VAITRO, MADV) 
VALUES ('GV001', 'Nguyễn Văn An', 'Nam', TO_DATE('15/05/1980', 'DD/MM/YYYY'), 15000000, 2000000, '0901234567', 'GV', 'CNTT');

INSERT INTO NHANVIEN (MANLD, HOTEN, PHAI, NGSINH, LUONG, PHUCAP, DT, VAITRO, MADV) 
VALUES ('GV002', 'Trần Thị Bình', 'Nữ', TO_DATE('20/06/1985', 'DD/MM/YYYY'), 14000000, 1800000, '0912345678', 'GV', 'KTMT');

INSERT INTO NHANVIEN (MANLD, HOTEN, PHAI, NGSINH, LUONG, PHUCAP, DT, VAITRO, MADV) 
VALUES ('GV003', 'Lê Văn Cường', 'Nam', TO_DATE('10/03/1975', 'DD/MM/YYYY'), 18000000, 3000000, '0923456789', 'TRDĐV', 'CNTT');

INSERT INTO NHANVIEN (MANLD, HOTEN, PHAI, NGSINH, LUONG, PHUCAP, DT, VAITRO, MADV) 
VALUES ('GV004', 'Phạm Thị Diệu', 'Nữ', TO_DATE('25/12/1982', 'DD/MM/YYYY'), 15500000, 2200000, '0934567890', 'GV', 'TOAN');

INSERT INTO NHANVIEN (MANLD, HOTEN, PHAI, NGSINH, LUONG, PHUCAP, DT, VAITRO, MADV) 
VALUES ('GV005', 'Hoàng Văn Đức', 'Nam', TO_DATE('18/09/1978', 'DD/MM/YYYY'), 16500000, 2500000, '0945678901', 'TRDĐV', 'KTMT');

INSERT INTO NHANVIEN (MANLD, HOTEN, PHAI, NGSINH, LUONG, PHUCAP, DT, VAITRO, MADV) 
VALUES ('NV001', 'Trương Văn Thành', 'Nam', TO_DATE('05/07/1988', 'DD/MM/YYYY'), 12000000, 1500000, '0956789012', 'NV PDT', 'PDT');

INSERT INTO NHANVIEN (MANLD, HOTEN, PHAI, NGSINH, LUONG, PHUCAP, DT, VAITRO, MADV) 
VALUES ('NV002', 'Vũ Thị Hương', 'Nữ', TO_DATE('12/11/1990', 'DD/MM/YYYY'), 11000000, 1200000, '0967890123', 'NV PKT', 'PKT');

INSERT INTO NHANVIEN (MANLD, HOTEN, PHAI, NGSINH, LUONG, PHUCAP, DT, VAITRO, MADV) 
VALUES ('NV003', 'Đỗ Văn Minh', 'Nam', TO_DATE('30/08/1985', 'DD/MM/YYYY'), 13000000, 1800000, '0978901234', 'TRDĐV', 'PDT');

INSERT INTO NHANVIEN (MANLD, HOTEN, PHAI, NGSINH, LUONG, PHUCAP, DT, VAITRO, MADV) 
VALUES ('NV004', 'Bùi Thị Lan', 'Nữ', TO_DATE('22/04/1987', 'DD/MM/YYYY'), 12500000, 1600000, '0989012345', 'NV TCHC', 'TCHC');

INSERT INTO NHANVIEN (MANLD, HOTEN, PHAI, NGSINH, LUONG, PHUCAP, DT, VAITRO, MADV) 
VALUES ('NV005', 'Phan Văn Hùng', 'Nam', TO_DATE('14/02/1983', 'DD/MM/YYYY'), 13500000, 2000000, '0990123456', 'NV CTSV', 'CTSV');

-- Update DONVI with department heads
UPDATE DONVI SET TRGDV = 'GV003' WHERE MADV = 'CNTT';
UPDATE DONVI SET TRGDV = 'GV005' WHERE MADV = 'KTMT';
UPDATE DONVI SET TRGDV = 'NV003' WHERE MADV = 'PDT';

-- Sample data for SINHVIEN (Students)
INSERT INTO SINHVIEN (MASV, HOTEN, PHAI, NGSINH, DCHI, DT, KHOA, TINHTRANG)
VALUES ('SV001', 'Nguyễn Thị Mai', 'Nữ', TO_DATE('15/03/2003', 'DD/MM/YYYY'), 'Quận 1, TP.HCM', '0901111222', 'CNTT', 'Đang học');

INSERT INTO SINHVIEN (MASV, HOTEN, PHAI, NGSINH, DCHI, DT, KHOA, TINHTRANG)
VALUES ('SV002', 'Trần Văn Hải', 'Nam', TO_DATE('20/05/2002', 'DD/MM/YYYY'), 'Quận 3, TP.HCM', '0912222333', 'CNTT', 'Đang học');

INSERT INTO SINHVIEN (MASV, HOTEN, PHAI, NGSINH, DCHI, DT, KHOA, TINHTRANG)
VALUES ('SV003', 'Lê Thị Hồng', 'Nữ', TO_DATE('10/07/2003', 'DD/MM/YYYY'), 'Quận 5, TP.HCM', '0923333444', 'KTMT', 'Đang học');

INSERT INTO SINHVIEN (MASV, HOTEN, PHAI, NGSINH, DCHI, DT, KHOA, TINHTRANG)
VALUES ('SV004', 'Phạm Văn Tuấn', 'Nam', TO_DATE('25/09/2002', 'DD/MM/YYYY'), 'Quận 7, TP.HCM', '0934444555', 'KTMT', 'Đang học');

INSERT INTO SINHVIEN (MASV, HOTEN, PHAI, NGSINH, DCHI, DT, KHOA, TINHTRANG)
VALUES ('SV005', 'Hoàng Thị Lan', 'Nữ', TO_DATE('18/11/2003', 'DD/MM/YYYY'), 'Quận 10, TP.HCM', '0945555666', 'TOAN', 'Đang học');

INSERT INTO SINHVIEN (MASV, HOTEN, PHAI, NGSINH, DCHI, DT, KHOA, TINHTRANG)
VALUES ('SV006', 'Đặng Văn Phúc', 'Nam', TO_DATE('05/02/2002', 'DD/MM/YYYY'), 'Quận Bình Thạnh, TP.HCM', '0956666777', 'TOAN', 'Đang học');

INSERT INTO SINHVIEN (MASV, HOTEN, PHAI, NGSINH, DCHI, DT, KHOA, TINHTRANG)
VALUES ('SV007', 'Vũ Thị Thảo', 'Nữ', TO_DATE('12/04/2003', 'DD/MM/YYYY'), 'Quận Phú Nhuận, TP.HCM', '0967777888', 'CNTT', 'Đang học');

INSERT INTO SINHVIEN (MASV, HOTEN, PHAI, NGSINH, DCHI, DT, KHOA, TINHTRANG)
VALUES ('SV008', 'Đỗ Văn Nam', 'Nam', TO_DATE('30/06/2002', 'DD/MM/YYYY'), 'Quận Gò Vấp, TP.HCM', '0978888999', 'KTMT', 'Bảo lưu');

INSERT INTO SINHVIEN (MASV, HOTEN, PHAI, NGSINH, DCHI, DT, KHOA, TINHTRANG)
VALUES ('SV009', 'Bùi Thị Hà', 'Nữ', TO_DATE('22/08/2003', 'DD/MM/YYYY'), 'Quận Tân Bình, TP.HCM', '0989999000', 'CNTT', 'Đang học');

INSERT INTO SINHVIEN (MASV, HOTEN, PHAI, NGSINH, DCHI, DT, KHOA, TINHTRANG)
VALUES ('SV010', 'Phan Văn Khoa', 'Nam', TO_DATE('14/10/2002', 'DD/MM/YYYY'), 'Quận 4, TP.HCM', '0990000111', 'TOAN', 'Nghỉ học');

-- Sample data for HOCPHAN (Courses)
INSERT INTO HOCPHAN (MAHP, TENHP, SOTC, STLT, STTH, MADV)
VALUES ('CSDL', 'Cơ sở dữ liệu', 4, 45, 15, 'CNTT');

INSERT INTO HOCPHAN (MAHP, TENHP, SOTC, STLT, STTH, MADV)
VALUES ('KTLT', 'Kỹ thuật lập trình', 4, 30, 30, 'CNTT');

INSERT INTO HOCPHAN (MAHP, TENHP, SOTC, STLT, STTH, MADV)
VALUES ('CNPM', 'Công nghệ phần mềm', 3, 30, 15, 'CNTT');

INSERT INTO HOCPHAN (MAHP, TENHP, SOTC, STLT, STTH, MADV)
VALUES ('KTMT', 'Kiến trúc máy tính', 3, 45, 0, 'KTMT');

INSERT INTO HOCPHAN (MAHP, TENHP, SOTC, STLT, STTH, MADV)
VALUES ('MMT', 'Mạng máy tính', 3, 30, 15, 'KTMT');

INSERT INTO HOCPHAN (MAHP, TENHP, SOTC, STLT, STTH, MADV)
VALUES ('DSTT', 'Đại số tuyến tính', 3, 45, 0, 'TOAN');

INSERT INTO HOCPHAN (MAHP, TENHP, SOTC, STLT, STTH, MADV)
VALUES ('GTDH', 'Giải tích đại học', 4, 60, 0, 'TOAN');

INSERT INTO HOCPHAN (MAHP, TENHP, SOTC, STLT, STTH, MADV)
VALUES ('HTTT', 'Hệ thống thông tin', 3, 30, 15, 'CNTT');

-- Sample data for MOMON (Course Offerings)
INSERT INTO MOMON (MAMM, MAHP, MAGV, HK, NAM)
VALUES ('MM001', 'CSDL', 'GV001', 1, 2024);

INSERT INTO MOMON (MAMM, MAHP, MAGV, HK, NAM)
VALUES ('MM002', 'KTLT', 'GV001', 1, 2024);

INSERT INTO MOMON (MAMM, MAHP, MAGV, HK, NAM)
VALUES ('MM003', 'CNPM', 'GV003', 1, 2024);

INSERT INTO MOMON (MAMM, MAHP, MAGV, HK, NAM)
VALUES ('MM004', 'KTMT', 'GV002', 1, 2024);

INSERT INTO MOMON (MAMM, MAHP, MAGV, HK, NAM)
VALUES ('MM005', 'MMT', 'GV002', 1, 2024);

INSERT INTO MOMON (MAMM, MAHP, MAGV, HK, NAM)
VALUES ('MM006', 'DSTT', 'GV004', 1, 2024);

INSERT INTO MOMON (MAMM, MAHP, MAGV, HK, NAM)
VALUES ('MM007', 'GTDH', 'GV004', 1, 2024);

INSERT INTO MOMON (MAMM, MAHP, MAGV, HK, NAM)
VALUES ('MM008', 'HTTT', 'GV003', 2, 2024);

INSERT INTO MOMON (MAMM, MAHP, MAGV, HK, NAM)
VALUES ('MM009', 'CSDL', 'GV003', 2, 2024);

INSERT INTO MOMON (MAMM, MAHP, MAGV, HK, NAM)
VALUES ('MM010', 'KTLT', 'GV001', 2, 2024);

-- Sample data for DANGKY (Registrations)
INSERT INTO DANGKY (MASV, MAMM, DIEMTH, DIEMQT, DIEMCK, DIEMTK)
VALUES ('SV001', 'MM001', 8.5, 7.5, 8.0, 8.0);

INSERT INTO DANGKY (MASV, MAMM, DIEMTH, DIEMQT, DIEMCK, DIEMTK)
VALUES ('SV001', 'MM002', 7.5, 8.0, 7.0, 7.5);

INSERT INTO DANGKY (MASV, MAMM, DIEMTH, DIEMQT, DIEMCK, DIEMTK)
VALUES ('SV002', 'MM001', 6.5, 7.0, 6.0, 6.5);

INSERT INTO DANGKY (MASV, MAMM, DIEMTH, DIEMQT, DIEMCK, DIEMTK)
VALUES ('SV002', 'MM003', 8.0, 8.5, 7.5, 8.0);

INSERT INTO DANGKY (MASV, MAMM, DIEMTH, DIEMQT, DIEMCK, DIEMTK)
VALUES ('SV003', 'MM004', 7.0, 6.5, 7.5, 7.0);

INSERT INTO DANGKY (MASV, MAMM, DIEMTH, DIEMQT, DIEMCK, DIEMTK)
VALUES ('SV003', 'MM005', 8.5, 8.0, 7.0, 7.8);

INSERT INTO DANGKY (MASV, MAMM, DIEMTH, DIEMQT, DIEMCK, DIEMTK)
VALUES ('SV004', 'MM004', 9.0, 8.5, 8.0, 8.5);

INSERT INTO DANGKY (MASV, MAMM, DIEMTH, DIEMQT, DIEMCK, DIEMTK)
VALUES ('SV005', 'MM006', 7.5, 8.0, 8.5, 8.0);

INSERT INTO DANGKY (MASV, MAMM, DIEMTH, DIEMQT, DIEMCK, DIEMTK)
VALUES ('SV005', 'MM007', 6.0, 7.0, 7.5, 7.0);

INSERT INTO DANGKY (MASV, MAMM, DIEMTH, DIEMQT, DIEMCK, DIEMTK)
VALUES ('SV006', 'MM006', 8.0, 7.5, 7.0, 7.5);

INSERT INTO DANGKY (MASV, MAMM, DIEMTH, DIEMQT, DIEMCK, DIEMTK)
VALUES ('SV007', 'MM001', 9.0, 8.5, 9.0, 8.8);

INSERT INTO DANGKY (MASV, MAMM, DIEMTH, DIEMQT, DIEMCK, DIEMTK)
VALUES ('SV007', 'MM002', 8.5, 8.0, 7.5, 8.0);

INSERT INTO DANGKY (MASV, MAMM, DIEMTH, DIEMQT, DIEMCK, DIEMTK)
VALUES ('SV009', 'MM001', 7.0, 6.5, 7.0, 6.8);

INSERT INTO DANGKY (MASV, MAMM, DIEMTH, DIEMQT, DIEMCK, DIEMTK)
VALUES ('SV009', 'MM003', 8.0, 7.5, 8.0, 7.8);

-- Sample data for ACCOUNT (Users)
INSERT INTO ACCOUNT (ID, username, password, VAITRO) VALUES (2, 'gv001', 'password123', 'GV');
INSERT INTO ACCOUNT (ID, username, password, VAITRO) VALUES (3, 'gv002', 'password123', 'GV');
INSERT INTO ACCOUNT (ID, username, password, VAITRO) VALUES (4, 'gv003', 'password123', 'TRDĐV');
INSERT INTO ACCOUNT (ID, username, password, VAITRO) VALUES (5, 'nv001', 'password123', 'NV PDT');
INSERT INTO ACCOUNT (ID, username, password, VAITRO) VALUES (6, 'nv002', 'password123', 'NV PKT');
INSERT INTO ACCOUNT (ID, username, password, VAITRO) VALUES (7, 'nv003', 'password123', 'TRDĐV');

-- Commit the changes
COMMIT;

-- Verify the data insertion
SELECT 'DONVI' AS TABLE_NAME, COUNT(*) AS ROW_COUNT FROM DONVI
UNION ALL
SELECT 'NHANVIEN', COUNT(*) FROM NHANVIEN
UNION ALL
SELECT 'SINHVIEN', COUNT(*) FROM SINHVIEN
UNION ALL
SELECT 'HOCPHAN', COUNT(*) FROM HOCPHAN
UNION ALL
SELECT 'MOMON', COUNT(*) FROM MOMON
UNION ALL
SELECT 'DANGKY', COUNT(*) FROM DANGKY
UNION ALL
SELECT 'ACCOUNT', COUNT(*) FROM ACCOUNT;