BEGIN

  UPDATE DONVI SET TRGDV = NULL;

  -- Xóa dữ liệu cũ nếu có (đảm bảo không trùng khóa)
  DELETE FROM DANGKY;
  DELETE FROM MOMON;
  DELETE FROM HOCPHAN;
  DELETE FROM SINHVIEN;
  DELETE FROM NHANVIEN;
  DELETE FROM DONVI;
  DELETE FROM THONGBAO;

  COMMIT;

  ----------------------------------------------------------
  -- 1. ĐƠN VỊ
  ----------------------------------------------------------
  INSERT INTO DONVI (MADV, TENDV, LOAIDV) VALUES ('CNTT', 'Khoa Công nghệ thông tin', 'Khoa');
  INSERT INTO DONVI (MADV, TENDV, LOAIDV) VALUES ('KTMT', 'Khoa Kỹ thuật máy tính', 'Khoa');
  INSERT INTO DONVI (MADV, TENDV, LOAIDV) VALUES ('TOAN', 'Khoa Toán', 'Khoa');
  INSERT INTO DONVI (MADV, TENDV, LOAIDV) VALUES ('HOA', 'Khoa Hóa học', 'Khoa');
  INSERT INTO DONVI (MADV, TENDV, LOAIDV) VALUES ('LY', 'Khoa Vật lý', 'Khoa');
  INSERT INTO DONVI (MADV, TENDV, LOAIDV) VALUES ('SINH', 'Khoa Sinh học', 'Khoa');
  INSERT INTO DONVI (MADV, TENDV, LOAIDV) VALUES ('PDT', 'Phòng Đào tạo', 'Phòng');
  INSERT INTO DONVI (MADV, TENDV, LOAIDV) VALUES ('PKT', 'Phòng Khảo thí', 'Phòng');
  INSERT INTO DONVI (MADV, TENDV, LOAIDV) VALUES ('PTCHC', 'Phòng Tổ chức Hành chính', 'Phòng');
  INSERT INTO DONVI (MADV, TENDV, LOAIDV) VALUES ('PCTSV', 'Phòng Công tác sinh viên', 'Phòng');

  ----------------------------------------------------------
  -- 2. NHÂN VIÊN
  ----------------------------------------------------------
  -- Trưởng đơn vị (TRGDV)
  INSERT INTO NHANVIEN VALUES ('TRGDV001', 'Nguyễn Văn Anh', 'Nam', TO_DATE('1975-03-15','YYYY-MM-DD'), 20000000, 5000000, '0901111001', 'TRGDV', 'CNTT');
  INSERT INTO NHANVIEN VALUES ('TRGDV002', 'Trần Thị Bình', 'Nữ', TO_DATE('1976-05-20','YYYY-MM-DD'), 20000000, 5000000, '0901111002', 'TRGDV', 'KTMT');
  INSERT INTO NHANVIEN VALUES ('TRGDV003', 'Lê Văn Cường', 'Nam', TO_DATE('1974-07-10','YYYY-MM-DD'), 20000000, 5000000, '0901111003', 'TRGDV', 'TOAN');
  INSERT INTO NHANVIEN VALUES ('TRGDV004', 'Phạm Thị Dung', 'Nữ', TO_DATE('1977-09-25','YYYY-MM-DD'), 20000000, 5000000, '0901111004', 'TRGDV', 'HOA');
  INSERT INTO NHANVIEN VALUES ('TRGDV005', 'Hoàng Văn Ðức', 'Nam', TO_DATE('1973-11-30','YYYY-MM-DD'), 20000000, 5000000, '0901111005', 'TRGDV', 'LY');
  INSERT INTO NHANVIEN VALUES ('TRGDV006', 'Ngô Thị Hoa', 'Nữ', TO_DATE('1978-01-05','YYYY-MM-DD'), 20000000, 5000000, '0901111006', 'TRGDV', 'SINH');
  INSERT INTO NHANVIEN VALUES ('TRGDV007', 'Vũ Văn Giang', 'Nam', TO_DATE('1975-04-12','YYYY-MM-DD'), 18000000, 4000000, '0901111007', 'TRGDV', 'PDT');
  INSERT INTO NHANVIEN VALUES ('TRGDV008', 'Đỗ Thị Hương', 'Nữ', TO_DATE('1976-06-18','YYYY-MM-DD'), 18000000, 4000000, '0901111008', 'TRGDV', 'PKT');
  INSERT INTO NHANVIEN VALUES ('TRGDV009', 'Bùi Văn Khánh', 'Nam', TO_DATE('1974-08-22','YYYY-MM-DD'), 18000000, 4000000, '0901111009', 'TRGDV', 'PTCHC');
  INSERT INTO NHANVIEN VALUES ('TRGDV010', 'Nguyễn Thị Lan', 'Nữ', TO_DATE('1977-10-28','YYYY-MM-DD'), 18000000, 4000000, '0901111010', 'TRGDV', 'PCTSV');

  -- Giảng viên (GV)
  INSERT INTO NHANVIEN VALUES ('GV001', 'Trần Văn Minh', 'Nam', TO_DATE('1980-05-10','YYYY-MM-DD'), 15000000, 2000000, '0902222001', 'GV', 'CNTT');
  INSERT INTO NHANVIEN VALUES ('GV002', 'Phạm Thị Nam', 'Nữ', TO_DATE('1982-06-20','YYYY-MM-DD'), 15000000, 2000000, '0902222002', 'GV', 'CNTT');
  INSERT INTO NHANVIEN VALUES ('GV003', 'Lê Văn Oanh', 'Nam', TO_DATE('1981-07-15','YYYY-MM-DD'), 14500000, 1800000, '0902222003', 'GV', 'KTMT');
  INSERT INTO NHANVIEN VALUES ('GV004', 'Hoàng Thị Phương', 'Nữ', TO_DATE('1983-08-25','YYYY-MM-DD'), 14500000, 1800000, '0902222004', 'GV', 'KTMT');
  INSERT INTO NHANVIEN VALUES ('GV005', 'Nguyễn Văn Quân', 'Nam', TO_DATE('1979-09-30','YYYY-MM-DD'), 16000000, 2200000, '0902222005', 'GV', 'TOAN');
  INSERT INTO NHANVIEN VALUES ('GV006', 'Trần Thị Rạng', 'Nữ', TO_DATE('1984-10-05','YYYY-MM-DD'), 16000000, 2200000, '0902222006', 'GV', 'TOAN');
  INSERT INTO NHANVIEN VALUES ('GV007', 'Lê Văn Sơn', 'Nam', TO_DATE('1982-11-10','YYYY-MM-DD'), 15500000, 2100000, '0902222007', 'GV', 'HOA');
  INSERT INTO NHANVIEN VALUES ('GV008', 'Phạm Thị Thủy', 'Nữ', TO_DATE('1985-12-15','YYYY-MM-DD'), 15500000, 2100000, '0902222008', 'GV', 'HOA');
  INSERT INTO NHANVIEN VALUES ('GV009', 'Hoàng Văn Uy', 'Nam', TO_DATE('1980-01-20','YYYY-MM-DD'), 15000000, 2000000, '0902222009', 'GV', 'LY');
  INSERT INTO NHANVIEN VALUES ('GV010', 'Nguyễn Thị Vân', 'Nữ', TO_DATE('1983-02-25','YYYY-MM-DD'), 15000000, 2000000, '0902222010', 'GV', 'LY');
  INSERT INTO NHANVIEN VALUES ('GV011', 'Trần Văn Xuân', 'Nam', TO_DATE('1981-03-30','YYYY-MM-DD'), 14500000, 1800000, '0902222011', 'GV', 'SINH');
  INSERT INTO NHANVIEN VALUES ('GV012', 'Lê Thị Yến', 'Nữ', TO_DATE('1984-04-05','YYYY-MM-DD'), 14500000, 1800000, '0902222012', 'GV', 'SINH');

  -- Nhân viên phòng đào tạo (NVPDT)
  INSERT INTO NHANVIEN VALUES ('NVPDT001', 'Phạm Văn An', 'Nam', TO_DATE('1985-05-12','YYYY-MM-DD'), 12000000, 1000000, '0903333001', 'NVPDT', 'PDT');
  INSERT INTO NHANVIEN VALUES ('NVPDT002', 'Hoàng Thị Bích', 'Nữ', TO_DATE('1987-06-18','YYYY-MM-DD'), 12000000, 1000000, '0903333002', 'NVPDT', 'PDT');
  INSERT INTO NHANVIEN VALUES ('NVPDT003', 'Nguyễn Văn Cảnh', 'Nam', TO_DATE('1986-07-24','YYYY-MM-DD'), 11500000, 950000, '0903333003', 'NVPDT', 'PDT');
  INSERT INTO NHANVIEN VALUES ('NVPDT004', 'Trần Thị Diệp', 'Nữ', TO_DATE('1988-08-30','YYYY-MM-DD'), 11500000, 950000, '0903333004', 'NVPDT', 'PDT');

  -- Nhân viên phòng khảo thí (NVPKT)
  INSERT INTO NHANVIEN VALUES ('NVPKT001', 'Lê Văn Đạt', 'Nam', TO_DATE('1986-09-05','YYYY-MM-DD'), 12500000, 1100000, '0903333005', 'NVPKT', 'PKT');
  INSERT INTO NHANVIEN VALUES ('NVPKT002', 'Phạm Thị Gia', 'Nữ', TO_DATE('1988-10-10','YYYY-MM-DD'), 12500000, 1100000, '0903333006', 'NVPKT', 'PKT');
  INSERT INTO NHANVIEN VALUES ('NVPKT003', 'Hoàng Văn Hùng', 'Nam', TO_DATE('1987-11-15','YYYY-MM-DD'), 12000000, 1050000, '0903333007', 'NVPKT', 'PKT');

  -- Nhân viên phòng tổ chức hành chính (NVTCHC)
  INSERT INTO NHANVIEN VALUES ('NVTCHC001', 'Nguyễn Thị Khánh', 'Nữ', TO_DATE('1989-12-20','YYYY-MM-DD'), 13000000, 1200000, '0903333008', 'NVTCHC', 'PTCHC');
  INSERT INTO NHANVIEN VALUES ('NVTCHC002', 'Trần Văn Linh', 'Nam', TO_DATE('1985-01-25','YYYY-MM-DD'), 13000000, 1200000, '0903333009', 'NVTCHC', 'PTCHC');
  INSERT INTO NHANVIEN VALUES ('NVTCHC003', 'Lê Thị Mai', 'Nữ', TO_DATE('1990-02-28','YYYY-MM-DD'), 12500000, 1150000, '0903333010', 'NVTCHC', 'PTCHC');

  -- Nhân viên phòng công tác sinh viên (NVCTSV)
  INSERT INTO NHANVIEN VALUES ('NVCTSV001', 'Phạm Văn Nghị', 'Nam', TO_DATE('1988-03-05','YYYY-MM-DD'), 11000000, 900000, '0903333011', 'NVCTSV', 'PCTSV');
  INSERT INTO NHANVIEN VALUES ('NVCTSV002', 'Hoàng Thị Oanh', 'Nữ', TO_DATE('1991-04-10','YYYY-MM-DD'), 11000000, 900000, '0903333012', 'NVCTSV', 'PCTSV');
  INSERT INTO NHANVIEN VALUES ('NVCTSV003', 'Nguyễn Văn Phúc', 'Nam', TO_DATE('1989-05-15','YYYY-MM-DD'), 10500000, 850000, '0903333013', 'NVCTSV', 'PCTSV');

  -- Nhân viên cơ bản (NVCB)
  INSERT INTO NHANVIEN VALUES ('NVCB001', 'Trần Thị Quỳnh', 'Nữ', TO_DATE('1992-06-20','YYYY-MM-DD'), 10000000, 800000, '0903333014', 'NVCB', 'CNTT');
  INSERT INTO NHANVIEN VALUES ('NVCB002', 'Lê Văn Rạng', 'Nam', TO_DATE('1990-07-25','YYYY-MM-DD'), 10000000, 800000, '0903333015', 'NVCB', 'KTMT');
  INSERT INTO NHANVIEN VALUES ('NVCB003', 'Phạm Thị Sương', 'Nữ', TO_DATE('1993-08-30','YYYY-MM-DD'), 9500000, 750000, '0903333016', 'NVCB', 'TOAN');
  INSERT INTO NHANVIEN VALUES ('NVCB004', 'Hoàng Văn Tâm', 'Nam', TO_DATE('1991-09-05','YYYY-MM-DD'), 10000000, 800000, '0903333017', 'NVCB', 'HOA');
  INSERT INTO NHANVIEN VALUES ('NVCB005', 'Nguyễn Thị Uyên', 'Nữ', TO_DATE('1994-10-10','YYYY-MM-DD'), 9500000, 750000, '0903333018', 'NVCB', 'LY');
  INSERT INTO NHANVIEN VALUES ('NVCB006', 'Trần Văn Vũ', 'Nam', TO_DATE('1992-11-15','YYYY-MM-DD'), 10000000, 800000, '0903333019', 'NVCB', 'SINH');
  INSERT INTO NHANVIEN VALUES ('NVCB007', 'Lê Thị Xuân', 'Nữ', TO_DATE('1995-12-20','YYYY-MM-DD'), 9500000, 750000, '0903333020', 'NVCB', 'PDT');

  -- Cập nhật trưởng đơn vị
  UPDATE DONVI SET TRGDV = 'TRGDV001' WHERE MADV = 'CNTT';
  UPDATE DONVI SET TRGDV = 'TRGDV002' WHERE MADV = 'KTMT';
  UPDATE DONVI SET TRGDV = 'TRGDV003' WHERE MADV = 'TOAN';
  UPDATE DONVI SET TRGDV = 'TRGDV004' WHERE MADV = 'HOA';
  UPDATE DONVI SET TRGDV = 'TRGDV005' WHERE MADV = 'LY';
  UPDATE DONVI SET TRGDV = 'TRGDV006' WHERE MADV = 'SINH';
  UPDATE DONVI SET TRGDV = 'TRGDV007' WHERE MADV = 'PDT';
  UPDATE DONVI SET TRGDV = 'TRGDV008' WHERE MADV = 'PKT';
  UPDATE DONVI SET TRGDV = 'TRGDV009' WHERE MADV = 'PTCHC';
  UPDATE DONVI SET TRGDV = 'TRGDV010' WHERE MADV = 'PCTSV';

  ----------------------------------------------------------
  -- 3. SINH VIÊN
  ----------------------------------------------------------
  -- Sinh viên Khoa CNTT
  INSERT INTO SINHVIEN VALUES ('SV001', 'Nguyễn Thanh An', 'Nam', TO_DATE('2003-01-15','YYYY-MM-DD'), 'Quận 1, TP.HCM', '0904444001', 'CNTT', 'Đang học');
  INSERT INTO SINHVIEN VALUES ('SV002', 'Trần Thị Bình', 'Nữ', TO_DATE('2003-02-20','YYYY-MM-DD'), 'Quận 3, TP.HCM', '0904444002', 'CNTT', 'Đang học');
  INSERT INTO SINHVIEN VALUES ('SV003', 'Lê Văn Cường', 'Nam', TO_DATE('2002-03-25','YYYY-MM-DD'), 'Quận 5, TP.HCM', '0904444003', 'CNTT', 'Đang học');
  INSERT INTO SINHVIEN VALUES ('SV004', 'Phạm Thị Dung', 'Nữ', TO_DATE('2002-04-30','YYYY-MM-DD'), 'Quận 7, TP.HCM', '0904444004', 'CNTT', 'Đang học');
  INSERT INTO SINHVIEN VALUES ('SV005', 'Hoàng Văn Đức', 'Nam', TO_DATE('2003-05-05','YYYY-MM-DD'), 'Quận 9, TP.HCM', '0904444005', 'CNTT', 'Bảo lưu');

  -- Sinh viên Khoa KTMT
  INSERT INTO SINHVIEN VALUES ('SV006', 'Ngô Thị Em', 'Nữ', TO_DATE('2003-06-10','YYYY-MM-DD'), 'Quận 2, TP.HCM', '0904444006', 'KTMT', 'Đang học');
  INSERT INTO SINHVIEN VALUES ('SV007', 'Vũ Văn Giang', 'Nam', TO_DATE('2002-07-15','YYYY-MM-DD'), 'Quận 4, TP.HCM', '0904444007', 'KTMT', 'Đang học');
  INSERT INTO SINHVIEN VALUES ('SV008', 'Đỗ Thị Hương', 'Nữ', TO_DATE('2002-08-20','YYYY-MM-DD'), 'Quận 6, TP.HCM', '0904444008', 'KTMT', 'Nghỉ học');
  INSERT INTO SINHVIEN VALUES ('SV009', 'Bùi Văn Khánh', 'Nam', TO_DATE('2003-09-25','YYYY-MM-DD'), 'Quận 8, TP.HCM', '0904444009', 'KTMT', 'Đang học');
  INSERT INTO SINHVIEN VALUES ('SV010', 'Nguyễn Thị Lan', 'Nữ', TO_DATE('2003-10-30','YYYY-MM-DD'), 'Quận 10, TP.HCM', '0904444010', 'KTMT', 'Đang học');

  -- Sinh viên Khoa Toán
  INSERT INTO SINHVIEN VALUES ('SV011', 'Trần Văn Minh', 'Nam', TO_DATE('2002-11-05','YYYY-MM-DD'), 'Quận 11, TP.HCM', '0904444011', 'TOAN', 'Đang học');
  INSERT INTO SINHVIEN VALUES ('SV012', 'Phạm Thị Nam', 'Nữ', TO_DATE('2002-12-10','YYYY-MM-DD'), 'Quận 12, TP.HCM', '0904444012', 'TOAN', 'Đang học');
  INSERT INTO SINHVIEN VALUES ('SV013', 'Lê Văn Oanh', 'Nam', TO_DATE('2003-01-15','YYYY-MM-DD'), 'Quận Bình Thạnh, TP.HCM', '0904444013', 'TOAN', 'Đang học');
  INSERT INTO SINHVIEN VALUES ('SV014', 'Hoàng Thị Phương', 'Nữ', TO_DATE('2003-02-20','YYYY-MM-DD'), 'Quận Phú Nhuận, TP.HCM', '0904444014', 'TOAN', 'Đang học');
  INSERT INTO SINHVIEN VALUES ('SV015', 'Nguyễn Văn Quân', 'Nam', TO_DATE('2002-03-25','YYYY-MM-DD'), 'Quận Gò Vấp, TP.HCM', '0904444015', 'TOAN', 'Bảo lưu');

  -- Sinh viên Khoa Hóa học
  INSERT INTO SINHVIEN VALUES ('SV016', 'Trần Thị Rạng', 'Nữ', TO_DATE('2002-04-30','YYYY-MM-DD'), 'Quận Tân Bình, TP.HCM', '0904444016', 'HOA', 'Đang học');
  INSERT INTO SINHVIEN VALUES ('SV017', 'Lê Văn Sơn', 'Nam', TO_DATE('2003-05-05','YYYY-MM-DD'), 'Quận Tân Phú, TP.HCM', '0904444017', 'HOA', 'Đang học');
  INSERT INTO SINHVIEN VALUES ('SV018', 'Phạm Thị Thủy', 'Nữ', TO_DATE('2003-06-10','YYYY-MM-DD'), 'Quận Bình Tân, TP.HCM', '0904444018', 'HOA', 'Đang học');
  INSERT INTO SINHVIEN VALUES ('SV019', 'Hoàng Văn Uy', 'Nam', TO_DATE('2002-07-15','YYYY-MM-DD'), 'Huyện Củ Chi, TP.HCM', '0904444019', 'HOA', 'Đang học');
  INSERT INTO SINHVIEN VALUES ('SV020', 'Nguyễn Thị Vân', 'Nữ', TO_DATE('2002-08-20','YYYY-MM-DD'), 'Huyện Hóc Môn, TP.HCM', '0904444020', 'HOA', 'Đang học');

  -- Sinh viên Khoa Vật lý
  INSERT INTO SINHVIEN VALUES ('SV021', 'Trần Văn Xuân', 'Nam', TO_DATE('2003-09-25','YYYY-MM-DD'), 'Quận 1, TP.HCM', '0904444021', 'LY', 'Đang học');
  INSERT INTO SINHVIEN VALUES ('SV022', 'Lê Thị Yến', 'Nữ', TO_DATE('2003-10-30','YYYY-MM-DD'), 'Quận 3, TP.HCM', '0904444022', 'LY', 'Đang học');
  INSERT INTO SINHVIEN VALUES ('SV023', 'Phạm Văn An', 'Nam', TO_DATE('2002-11-05','YYYY-MM-DD'), 'Quận 5, TP.HCM', '0904444023', 'LY', 'Nghỉ học');
  INSERT INTO SINHVIEN VALUES ('SV024', 'Hoàng Thị Bích', 'Nữ', TO_DATE('2002-12-10','YYYY-MM-DD'), 'Quận 7, TP.HCM', '0904444024', 'LY', 'Đang học');
  INSERT INTO SINHVIEN VALUES ('SV025', 'Nguyễn Văn Cảnh', 'Nam', TO_DATE('2003-01-15','YYYY-MM-DD'), 'Quận 9, TP.HCM', '0904444025', 'LY', 'Đang học');

  -- Sinh viên Khoa Sinh học
  INSERT INTO SINHVIEN VALUES ('SV026', 'Trần Thị Diệp', 'Nữ', TO_DATE('2003-02-20','YYYY-MM-DD'), 'Quận 2, TP.HCM', '0904444026', 'SINH', 'Đang học');
  INSERT INTO SINHVIEN VALUES ('SV027', 'Lê Văn Đạt', 'Nam', TO_DATE('2002-03-25','YYYY-MM-DD'), 'Quận 4, TP.HCM', '0904444027', 'SINH', 'Đang học');
  INSERT INTO SINHVIEN VALUES ('SV028', 'Phạm Thị Gia', 'Nữ', TO_DATE('2002-04-30','YYYY-MM-DD'), 'Quận 6, TP.HCM', '0904444028', 'SINH', 'Đang học');
  INSERT INTO SINHVIEN VALUES ('SV029', 'Hoàng Văn Hùng', 'Nam', TO_DATE('2003-05-05','YYYY-MM-DD'), 'Quận 8, TP.HCM', '0904444029', 'SINH', 'Bảo lưu');
  INSERT INTO SINHVIEN VALUES ('SV030', 'Nguyễn Thị Khánh', 'Nữ', TO_DATE('2003-06-10','YYYY-MM-DD'), 'Quận 10, TP.HCM', '0904444030', 'SINH', 'Đang học');

  ----------------------------------------------------------
  -- 4. HỌC PHẦN
  ----------------------------------------------------------
  -- Các học phần của Khoa CNTT
  INSERT INTO HOCPHAN VALUES ('HP001', 'Cơ sở dữ liệu', 4, 45, 15, 'CNTT');
  INSERT INTO HOCPHAN VALUES ('HP002', 'Kỹ thuật lập trình', 3, 30, 15, 'CNTT');
  INSERT INTO HOCPHAN VALUES ('HP003', 'Mạng máy tính', 4, 45, 15, 'CNTT');
  INSERT INTO HOCPHAN VALUES ('HP004', 'Công nghệ phần mềm', 3, 30, 15, 'CNTT');
  INSERT INTO HOCPHAN VALUES ('HP005', 'Trí tuệ nhân tạo', 4, 45, 15, 'CNTT');
  INSERT INTO HOCPHAN VALUES ('HP006', 'An toàn thông tin', 3, 30, 15, 'CNTT');

  -- Các học phần của Khoa KTMT
  INSERT INTO HOCPHAN VALUES ('HP007', 'Kiến trúc máy tính', 3, 30, 15, 'KTMT');
  INSERT INTO HOCPHAN VALUES ('HP008', 'Hệ điều hành', 4, 45, 15, 'KTMT');
  INSERT INTO HOCPHAN VALUES ('HP009', 'Thiết kế mạch', 3, 30, 15, 'KTMT');
  INSERT INTO HOCPHAN VALUES ('HP010', 'Lập trình nhúng', 4, 45, 15, 'KTMT');

  -- Các học phần của Khoa Toán
  INSERT INTO HOCPHAN VALUES ('HP011', 'Toán rời rạc', 3, 45, 0, 'TOAN');
  INSERT INTO HOCPHAN VALUES ('HP012', 'Giải tích 1', 4, 60, 0, 'TOAN');
  INSERT INTO HOCPHAN VALUES ('HP013', 'Đại số tuyến tính', 3, 45, 0, 'TOAN');
  INSERT INTO HOCPHAN VALUES ('HP014', 'Xác suất thống kê', 3, 45, 0, 'TOAN');

  -- Các học phần của Khoa Hóa học
  INSERT INTO HOCPHAN VALUES ('HP015', 'Hóa đại cương', 4, 45, 15, 'HOA');
  INSERT INTO HOCPHAN VALUES ('HP016', 'Hóa hữu cơ', 4, 45, 15, 'HOA');
  INSERT INTO HOCPHAN VALUES ('HP017', 'Hóa vô cơ', 3, 30, 15, 'HOA');
  INSERT INTO HOCPHAN VALUES ('HP018', 'Hóa phân tích', 4, 45, 15, 'HOA');

  -- Các học phần của Khoa Vật lý
  INSERT INTO HOCPHAN VALUES ('HP019', 'Vật lý đại cương', 4, 45, 15, 'LY');
  INSERT INTO HOCPHAN VALUES ('HP020', 'Cơ học lượng tử', 3, 45, 0, 'LY');
  INSERT INTO HOCPHAN VALUES ('HP021', 'Điện từ học', 4, 45, 15, 'LY');
  INSERT INTO HOCPHAN VALUES ('HP022', 'Quang học', 3, 30, 15, 'LY');
  
  -- Các học phần của Khoa Sinh học
  INSERT INTO HOCPHAN VALUES ('HP023', 'Sinh học đại cương', 4, 45, 15, 'SINH');
  INSERT INTO HOCPHAN VALUES ('HP024', 'Vi sinh vật học', 4, 45, 15, 'SINH');
  INSERT INTO HOCPHAN VALUES ('HP025', 'Di truyền học', 3, 30, 15, 'SINH');
  INSERT INTO HOCPHAN VALUES ('HP026', 'Sinh lý học', 4, 45, 15, 'SINH');

  ----------------------------------------------------------
  -- 5. MÔ MÔN (Mở lớp học phần)
  ----------------------------------------------------------
  -- Mở môn học kỳ 1 năm 2023
  INSERT INTO MOMON VALUES ('MM001', 'HP001', 'GV001', 1, 2023);
  INSERT INTO MOMON VALUES ('MM002', 'HP002', 'GV002', 1, 2023);
  INSERT INTO MOMON VALUES ('MM003', 'HP007', 'GV003', 1, 2023);
  INSERT INTO MOMON VALUES ('MM004', 'HP008', 'GV004', 1, 2023);
  INSERT INTO MOMON VALUES ('MM005', 'HP011', 'GV005', 1, 2023);
  INSERT INTO MOMON VALUES ('MM006', 'HP012', 'GV006', 1, 2023);
  INSERT INTO MOMON VALUES ('MM007', 'HP015', 'GV007', 1, 2023);
  INSERT INTO MOMON VALUES ('MM008', 'HP016', 'GV008', 1, 2023);
  INSERT INTO MOMON VALUES ('MM009', 'HP019', 'GV009', 1, 2023);
  INSERT INTO MOMON VALUES ('MM010', 'HP020', 'GV010', 1, 2023);
  INSERT INTO MOMON VALUES ('MM011', 'HP023', 'GV011', 1, 2023);
  INSERT INTO MOMON VALUES ('MM012', 'HP024', 'GV012', 1, 2023);

  -- Mở môn học kỳ 2 năm 2024
  INSERT INTO MOMON VALUES ('MM013', 'HP003', 'GV001', 2, 2024);
  INSERT INTO MOMON VALUES ('MM014', 'HP004', 'GV002', 2, 2024);
  INSERT INTO MOMON VALUES ('MM015', 'HP009', 'GV003', 2, 2024);
  INSERT INTO MOMON VALUES ('MM016', 'HP010', 'GV004', 2, 2024);
  INSERT INTO MOMON VALUES ('MM017', 'HP013', 'GV005', 2, 2024);
  INSERT INTO MOMON VALUES ('MM018', 'HP014', 'GV006', 2, 2024);
  INSERT INTO MOMON VALUES ('MM019', 'HP017', 'GV007', 2, 2024);
  INSERT INTO MOMON VALUES ('MM020', 'HP018', 'GV008', 2, 2024);
  INSERT INTO MOMON VALUES ('MM021', 'HP021', 'GV009', 2, 2024);
  INSERT INTO MOMON VALUES ('MM022', 'HP022', 'GV010', 2, 2024);
  INSERT INTO MOMON VALUES ('MM023', 'HP025', 'GV011', 2, 2024);
  INSERT INTO MOMON VALUES ('MM024', 'HP026', 'GV012', 2, 2024);

  -- Mở môn học kỳ 3 năm 2024
  INSERT INTO MOMON VALUES ('MM025', 'HP005', 'GV001', 3, 2024);
  INSERT INTO MOMON VALUES ('MM026', 'HP006', 'GV002', 3, 2024);
  INSERT INTO MOMON VALUES ('MM027', 'HP007', 'GV003', 3, 2024);
  INSERT INTO MOMON VALUES ('MM028', 'HP008', 'GV004', 3, 2024);
  INSERT INTO MOMON VALUES ('MM029', 'HP011', 'GV005', 3, 2024);
  INSERT INTO MOMON VALUES ('MM030', 'HP012', 'GV006', 3, 2024);

  -- Mở môn học kỳ 1 năm 2024-2025 (học kỳ hiện tại)
  INSERT INTO MOMON VALUES ('MM031', 'HP001', 'GV001', 1, 2025);
  INSERT INTO MOMON VALUES ('MM032', 'HP002', 'GV002', 1, 2025);
  INSERT INTO MOMON VALUES ('MM033', 'HP007', 'GV003', 1, 2025);
  INSERT INTO MOMON VALUES ('MM034', 'HP008', 'GV004', 1, 2025);
  INSERT INTO MOMON VALUES ('MM035', 'HP011', 'GV005', 1, 2025);
  INSERT INTO MOMON VALUES ('MM036', 'HP012', 'GV006', 1, 2025);
  INSERT INTO MOMON VALUES ('MM037', 'HP015', 'GV007', 1, 2025);
  INSERT INTO MOMON VALUES ('MM038', 'HP016', 'GV008', 1, 2025);
  INSERT INTO MOMON VALUES ('MM039', 'HP019', 'GV009', 1, 2025);
  INSERT INTO MOMON VALUES ('MM040', 'HP020', 'GV010', 1, 2025);
  INSERT INTO MOMON VALUES ('MM041', 'HP023', 'GV011', 1, 2025);
  INSERT INTO MOMON VALUES ('MM042', 'HP024', 'GV012', 1, 2025);
  INSERT INTO MOMON VALUES ('MM043', 'HP025', 'GV011', 2, 2025);
  INSERT INTO MOMON VALUES ('MM044', 'HP026', 'GV010', 3, 2025);
  INSERT INTO MOMON VALUES ('MM045', 'HP026', 'GV009', 3, 2025);

  ----------------------------------------------------------
  -- 6. ĐĂNG KÝ HỌC PHẦN
  ----------------------------------------------------------
  -- Sinh viên CNTT
  INSERT INTO DANGKY VALUES ('SV001', 'MM001', 8.5, 7.5, 8.0, 8.0);
  INSERT INTO DANGKY VALUES ('SV001', 'MM002', 9.0, 8.5, 7.0, 8.0);
  INSERT INTO DANGKY VALUES ('SV002', 'MM001', 7.0, 6.5, 7.0, 7.0);
  INSERT INTO DANGKY VALUES ('SV002', 'MM002', 8.0, 7.0, 6.5, 7.0);
  INSERT INTO DANGKY VALUES ('SV003', 'MM001', 6.5, 7.0, 6.0, 6.5);
  INSERT INTO DANGKY VALUES ('SV003', 'MM002', 7.5, 8.0, 7.0, 7.5);
  INSERT INTO DANGKY VALUES ('SV004', 'MM001', 9.5, 9.0, 8.5, 9.0);
  INSERT INTO DANGKY VALUES ('SV004', 'MM002', 8.0, 8.5, 9.0, 8.5);
  INSERT INTO DANGKY VALUES ('SV005', 'MM001', 7.0, 6.0, 6.5, 6.5);
  INSERT INTO DANGKY VALUES ('SV005', 'MM002', 6.5, 7.0, 7.5, 7.0);

  -- Sinh viên KTMT
  INSERT INTO DANGKY VALUES ('SV006', 'MM003', 8.0, 7.5, 8.5, 8.0);
  INSERT INTO DANGKY VALUES ('SV006', 'MM004', 7.5, 8.0, 7.0, 7.5);
  INSERT INTO DANGKY VALUES ('SV007', 'MM003', 9.0, 8.0, 8.5, 8.5);
  INSERT INTO DANGKY VALUES ('SV007', 'MM004', 8.5, 7.5, 8.0, 8.0);
  INSERT INTO DANGKY VALUES ('SV008', 'MM003', 6.0, 5.5, 5.0, 5.5);
  INSERT INTO DANGKY VALUES ('SV008', 'MM004', 5.5, 6.0, 5.0, 5.5);
  INSERT INTO DANGKY VALUES ('SV009', 'MM003', 7.0, 7.5, 8.0, 7.5);
  INSERT INTO DANGKY VALUES ('SV009', 'MM004', 8.0, 7.0, 7.5, 7.5);
  INSERT INTO DANGKY VALUES ('SV010', 'MM003', 9.5, 9.0, 9.5, 9.5);
  INSERT INTO DANGKY VALUES ('SV010', 'MM004', 9.0, 8.5, 9.0, 9.0);

  -- Sinh viên TOAN
  INSERT INTO DANGKY VALUES ('SV011', 'MM005', 8.5, 8.0, 7.5, 8.0);
  INSERT INTO DANGKY VALUES ('SV011', 'MM006', 7.0, 7.5, 8.0, 7.5);
  INSERT INTO DANGKY VALUES ('SV012', 'MM005', 6.5, 7.0, 7.5, 7.0);
  INSERT INTO DANGKY VALUES ('SV012', 'MM006', 7.5, 8.0, 7.0, 7.5);
  INSERT INTO DANGKY VALUES ('SV013', 'MM005', 9.0, 8.5, 9.0, 9.0);
  INSERT INTO DANGKY VALUES ('SV013', 'MM006', 8.5, 9.0, 8.0, 8.5);
  INSERT INTO DANGKY VALUES ('SV014', 'MM005', 7.0, 6.5, 7.0, 7.0);
  INSERT INTO DANGKY VALUES ('SV014', 'MM006', 8.0, 7.5, 7.0, 7.5);
  INSERT INTO DANGKY VALUES ('SV015', 'MM005', 6.0, 6.5, 7.0, 6.5);
  INSERT INTO DANGKY VALUES ('SV015', 'MM006', 7.0, 6.0, 6.5, 6.5);

  -- Sinh viên CNTT - học kỳ hiện tại chưa có điểm cuối kỳ
  INSERT INTO DANGKY VALUES ('SV001', 'MM031', 8.0, 7.5, NULL, NULL);
  INSERT INTO DANGKY VALUES ('SV001', 'MM032', 8.5, 8.0, NULL, NULL);
  INSERT INTO DANGKY VALUES ('SV002', 'MM031', 7.5, 7.0, NULL, NULL);
  INSERT INTO DANGKY VALUES ('SV002', 'MM032', 8.0, 7.5, NULL, NULL);
  INSERT INTO DANGKY VALUES ('SV003', 'MM031', 6.0, 6.5, NULL, NULL);
  INSERT INTO DANGKY VALUES ('SV003', 'MM032', 7.0, 6.0, NULL, NULL);
  INSERT INTO DANGKY VALUES ('SV004', 'MM031', 9.0, 9.5, NULL, NULL);
  INSERT INTO DANGKY VALUES ('SV004', 'MM032', 8.5, 9.0, NULL, NULL);

  -- Sinh viên KTMT - học kỳ hiện tại chưa có điểm cuối kỳ
  INSERT INTO DANGKY VALUES ('SV006', 'MM033', 7.5, 8.0, NULL, NULL);
  INSERT INTO DANGKY VALUES ('SV006', 'MM034', 8.0, 7.5, NULL, NULL);
  INSERT INTO DANGKY VALUES ('SV007', 'MM033', 8.5, 9.0, NULL, NULL);
  INSERT INTO DANGKY VALUES ('SV007', 'MM034', 7.0, 8.0, NULL, NULL);
  INSERT INTO DANGKY VALUES ('SV009', 'MM033', 7.0, 7.5, NULL, NULL);
  INSERT INTO DANGKY VALUES ('SV009', 'MM034', 7.5, 8.0, NULL, NULL);
  INSERT INTO DANGKY VALUES ('SV010', 'MM033', 9.0, 9.5, NULL, NULL);
  INSERT INTO DANGKY VALUES ('SV010', 'MM034', 8.5, 9.0, NULL, NULL);

  -- Sinh viên TOAN - học kỳ hiện tại chưa có điểm cuối kỳ
  INSERT INTO DANGKY VALUES ('SV011', 'MM035', 8.0, 7.5, NULL, NULL);
  INSERT INTO DANGKY VALUES ('SV011', 'MM036', 7.5, 8.0, NULL, NULL);
  INSERT INTO DANGKY VALUES ('SV012', 'MM035', 7.0, 6.5, NULL, NULL);
  INSERT INTO DANGKY VALUES ('SV012', 'MM036', 7.5, 7.0, NULL, NULL);
  INSERT INTO DANGKY VALUES ('SV013', 'MM035', 8.5, 9.0, NULL, NULL);
  INSERT INTO DANGKY VALUES ('SV013', 'MM036', 9.0, 8.5, NULL, NULL);
  INSERT INTO DANGKY VALUES ('SV014', 'MM035', 7.0, 7.5, NULL, NULL);
  INSERT INTO DANGKY VALUES ('SV014', 'MM036', 6.5, 7.0, NULL, NULL);

  COMMIT;

  DBMS_OUTPUT.PUT_LINE('ĐÃ SINH DỮ LIỆU MẪU THÀNH CÔNG!');
END;
/

-- Verify the data insertion
SELECT 'DONVI' AS TABLE_NAME, COUNT(*) AS ROW_COUNT FROM DONVI
UNION ALL
SELECT 'NHANVIEN', COUNT(*) FROM NHANVIEN
UNION ALL
SELECT 'SINHVIEN', COUNT(*) FROM SINHVIEN
UNION ALL
SELECT 'HOCPHAN', COUNT(*) FROM HOCPHAN
UNION ALL
SELECT 'MOMON', COUNT(*) FROM MOMON
UNION ALL
SELECT 'DANGKY', COUNT(*) FROM DANGKY;